protein,position,modification,confidence,confidence_type
O00148,2,acetylation,75.89,Mascot score (FDR<1%)
O00161,1,acetylation,68.15,Mascot score (FDR<1%)
O00231,3,acetylation,50.73,Mascot score (FDR<1%)
O00231,2,acetylation,95.86,Mascot score (FDR<1%)
O00273,1,acetylation,80.03,Mascot score (FDR<1%)
O00299,2,acetylation,63.79,Mascot score (FDR<1%)
O00401,2,acetylation,49.18,Mascot score (FDR<1%)
O00410,2,acetylation,94.91,Mascot score (FDR<1%)
O00418,2,acetylation,65.81,Mascot score (FDR<1%)
O00429,1,acetylation,60.86,Mascot score (FDR<1%)
O00560,2,acetylation,53.7,Mascot score (FDR<1%)
O00571,2,acetylation,99.96,Mascot score (FDR<1%)
O14556,218,acetylation,66.9,Mascot score (FDR<1%)
O14737,2,acetylation,53.93,Mascot score (FDR<1%)
O14744,2,acetylation,94.85,Mascot score (FDR<1%)
O14745,2,acetylation,83.53,Mascot score (FDR<1%)
O14907,2,acetylation,66.42,Mascot score (FDR<1%)
O14929,2,acetylation,53.23,Mascot score (FDR<1%)
O14980,6,acetylation,33.5,Mascot score (FDR<1%)
O15126,2,acetylation,58.42,Mascot score (FDR<1%)
O15160,2,acetylation,81.67,Mascot score (FDR<1%)
O15254,2,acetylation,87.24,Mascot score (FDR<1%)
O15260,2,unmodified,43.65,Mascot score (FDR<1%)
O15305,2,acetylation,57.36,Mascot score (FDR<1%)
O15400,2,acetylation,66.73,Mascot score (FDR<1%)
O15427,2,unmodified,40.57,Mascot score (FDR<1%)
O43175,2,acetylation,40.57,Mascot score (FDR<1%)
O43252,1,acetylation,45.39,Mascot score (FDR<1%)
O43324,2,acetylation,92.42,Mascot score (FDR<1%)
O43390,2,acetylation,72.12,Mascot score (FDR<1%)
O43399,1,acetylation,95.59,Mascot score (FDR<1%)
O43491,2,acetylation,64.32,Mascot score (FDR<1%)
O43583,2,acetylation,96.99,Mascot score (FDR<1%)
O43592,1,acetylation,80.26,Mascot score (FDR<1%)
O43598,2,acetylation,68.08,Mascot score (FDR<1%)
O43609,1,acetylation,57.88,Mascot score (FDR<1%)
O43639,2,acetylation,39.54,Mascot score (FDR<1%)
O43719,2,acetylation,93.76,Mascot score (FDR<1%)
O43752,2,acetylation,43.12,Mascot score (FDR<1%)
O43760,1,acetylation,56.18,Mascot score (FDR<1%)
O43761,1,acetylation,63.12,Mascot score (FDR<1%)
O43865,2,acetylation,39.04,Mascot score (FDR<1%)
O60476,2,acetylation,56.38,Mascot score (FDR<1%)
O60504,344,acetylation,71.7,Mascot score (FDR<1%)
O60610,1,acetylation,45.45,Mascot score (FDR<1%)
O60664,2,acetylation,86.73,Mascot score (FDR<1%)
O60678,2,acetylation,78.78,Mascot score (FDR<1%)
O60716,1,acetylation,76.61,Mascot score (FDR<1%)
O60784,1,acetylation,78.23,Mascot score (FDR<1%)
O60832,2,acetylation,95.86,Mascot score (FDR<1%)
O60869,2,acetylation,86.81,Mascot score (FDR<1%)
O75340,2,acetylation,54.95,Mascot score (FDR<1%)
O75391,2,acetylation,63.88,Mascot score (FDR<1%)
O75607,2,acetylation,95.91,Mascot score (FDR<1%)
O75608,7,acetylation,60.8,Mascot score (FDR<1%)
O75694,2,unmodified,64.72,Mascot score (FDR<1%)
O75781,1,acetylation,93.59,Mascot score (FDR<1%)
O75792,1,acetylation,52.34,Mascot score (FDR<1%)
O75822,2,acetylation,67.81,Mascot score (FDR<1%)
O75915,1,acetylation,58.42,Mascot score (FDR<1%)
O76003,2,acetylation,111.47,Mascot score (FDR<1%)
O76021,1,acetylation,92,Mascot score (FDR<1%)
O76024,1,acetylation,46.92,Mascot score (FDR<1%)
O76094,2,acetylation,75.81,Mascot score (FDR<1%)
O94826,2,acetylation,76.15,Mascot score (FDR<1%)
O94874,2,acetylation,57.97,Mascot score (FDR<1%)
O94903,8,acetylation,47.6,Mascot score (FDR<1%)
O95155,1,acetylation,60.36,Mascot score (FDR<1%)
O95197,2,acetylation,56.29,Mascot score (FDR<1%)
O95232,1,acetylation,89.3,Mascot score (FDR<1%)
O95249,2,acetylation,74.17,Mascot score (FDR<1%)
O95352,2,acetylation,46.23,Mascot score (FDR<1%)
O95372,7,acetylation,72.3,Mascot score (FDR<1%)
O95373,1,acetylation,83.49,Mascot score (FDR<1%)
O95394,1,acetylation,47.77,Mascot score (FDR<1%)
O95456,2,acetylation,66.35,Mascot score (FDR<1%)
O95551,1,acetylation,74.76,Mascot score (FDR<1%)
O95747,2,acetylation,81.15,Mascot score (FDR<1%)
O95777,2,acetylation,78.32,Mascot score (FDR<1%)
O95807,2,acetylation,52.28,Mascot score (FDR<1%)
O95861,2,acetylation,91.36,Mascot score (FDR<1%)
P00338,2,acetylation,66.73,Mascot score (FDR<1%)
P00352,2,acetylation,45.27,Mascot score (FDR<1%)
P00491,1,acetylation,74.39,Mascot score (FDR<1%)
P04075,2,unmodified,58.42,Mascot score (FDR<1%)
P04080,1,acetylation,57.26,Mascot score (FDR<1%)
P04083,136,acetylation,59.4,Mascot score (FDR<1%)
P04183,2,acetylation,60.08,Mascot score (FDR<1%)
P04632,1,acetylation,51.11,Mascot score (FDR<1%)
P04899,2,Myristoyl,47.79,Mascot score (FDR<1%)
P05109,1,unmodified,65,Mascot score (FDR<1%)
P05141,2,acetylation,66.2,Mascot score (FDR<1%)
P05386,2,acetylation,56.59,Mascot score (FDR<1%)
P05413,2,acetylation,61.22,Mascot score (FDR<1%)
P06132,1,acetylation,79.8,Mascot score (FDR<1%)
P06454,2,acetylation,99.42,Mascot score (FDR<1%)
P06748,5,acetylation,41.2,Mascot score (FDR<1%)
P06748,1,acetylation,90.09,Mascot score (FDR<1%)
P07196,2,acetylation,66.12,Mascot score (FDR<1%)
P07355,2,acetylation,30.92,Mascot score (FDR<1%)
P07384,2,acetylation,63.8,Mascot score (FDR<1%)
P07737,2,acetylation,90.63,Mascot score (FDR<1%)
P07741,2,acetylation,94.77,Mascot score (FDR<1%)
P08195,2,acetylation,61.95,Mascot score (FDR<1%)
P08240,1,unmodified,46.63,Mascot score (FDR<1%)
P08247,7,acetylation,57.3,Mascot score (FDR<1%)
P08397,2,acetylation,58.66,Mascot score (FDR<1%)
P08621,2,acetylation,59.37,Mascot score (FDR<1%)
P08670,14,acetylation,49.5,Mascot score (FDR<1%)
P08865,2,acetylation,77.97,Mascot score (FDR<1%)
P09211,2,unmodified,72.58,Mascot score (FDR<1%)
P09382,2,acetylation,59.14,Mascot score (FDR<1%)
P09417,2,acetylation,93.32,Mascot score (FDR<1%)
P09960,2,unmodified,80.47,Mascot score (FDR<1%)
P10155,1,acetylation,66.2,Mascot score (FDR<1%)
P10412,2,acetylation,81.54,Mascot score (FDR<1%)
P10644,1,acetylation,92.81,Mascot score (FDR<1%)
P11274,1,acetylation,51.58,Mascot score (FDR<1%)
P11413,2,acetylation,63.7,Mascot score (FDR<1%)
P11586,1,acetylation,49.69,Mascot score (FDR<1%)
P12236,1,acetylation,72.32,Mascot score (FDR<1%)
P12236,2,acetylation,70.64,Mascot score (FDR<1%)
P12270,2,acetylation,84.63,Mascot score (FDR<1%)
P12955,2,acetylation,85.93,Mascot score (FDR<1%)
P12956,2,acetylation,55.18,Mascot score (FDR<1%)
P13489,2,acetylation,95.14,Mascot score (FDR<1%)
P13639,2,unmodified,46.75,Mascot score (FDR<1%)
P13861,2,acetylation,62.97,Mascot score (FDR<1%)
P14174,2,unmodified,79.31,Mascot score (FDR<1%)
P14324,1,acetylation,85.93,Mascot score (FDR<1%)
P14868,18,acetylation,59.5,Mascot score (FDR<1%)
P14923,1,acetylation,72.08,Mascot score (FDR<1%)
P15090,2,acetylation,64.14,Mascot score (FDR<1%)
P16333,2,acetylation,78.06,Mascot score (FDR<1%)
P16401,2,acetylation,50.98,Mascot score (FDR<1%)
P16402,2,acetylation,67.67,Mascot score (FDR<1%)
P16930,2,acetylation,39.82,Mascot score (FDR<1%)
P16949,2,acetylation,50.75,Mascot score (FDR<1%)
P16989,2,acetylation,60.14,Mascot score (FDR<1%)
P17174,2,unmodified,63.65,Mascot score (FDR<1%)
P17480,1,acetylation,54.21,Mascot score (FDR<1%)
P17844,242,acetylation,36.1,Mascot score (FDR<1%)
P17858,2,acetylation,49.7,Mascot score (FDR<1%)
P17980,18,acetylation,80.2,Mascot score (FDR<1%)
P17987,1,acetylation,81.64,Mascot score (FDR<1%)
P18583,2,acetylation,39.14,Mascot score (FDR<1%)
P19174,2,acetylation,36.56,Mascot score (FDR<1%)
P19525,2,acetylation,70.79,Mascot score (FDR<1%)
P19623,1,acetylation,99.61,Mascot score (FDR<1%)
P20020,5,acetylation,44.9,Mascot score (FDR<1%)
P20042,2,acetylation,71.28,Mascot score (FDR<1%)
P20340,2,acetylation,80.41,Mascot score (FDR<1%)
P20700,2,acetylation,57.79,Mascot score (FDR<1%)
P20936,1,acetylation,104.67,Mascot score (FDR<1%)
P21283,2,acetylation,50.35,Mascot score (FDR<1%)
P21796,2,acetylation,61.99,Mascot score (FDR<1%)
P22234,2,acetylation,92.97,Mascot score (FDR<1%)
P22307,2,acetylation,37.69,Mascot score (FDR<1%)
P23193,1,acetylation,41.78,Mascot score (FDR<1%)
P23381,2,unmodified,84.88,Mascot score (FDR<1%)
P23528,2,acetylation,95.84,Mascot score (FDR<1%)
P23610,2,acetylation,87.68,Mascot score (FDR<1%)
P25205,2,acetylation,88.16,Mascot score (FDR<1%)
P25398,2,acetylation,93.1,Mascot score (FDR<1%)
P25788,2,acetylation,95.16,Mascot score (FDR<1%)
P26368,2,acetylation,58.3,Mascot score (FDR<1%)
P26599,1,acetylation,73.02,Mascot score (FDR<1%)
P26640,2,acetylation,80.32,Mascot score (FDR<1%)
P26641,3,acetylation,58.58,Mascot score (FDR<1%)
P26641,2,acetylation,70.48,Mascot score (FDR<1%)
P27361,2,acetylation,89.16,Mascot score (FDR<1%)
P27544,2,acetylation,76.02,Mascot score (FDR<1%)
P27694,1,acetylation,85.58,Mascot score (FDR<1%)
P27708,2,acetylation,88.02,Mascot score (FDR<1%)
P28070,1,acetylation,59.17,Mascot score (FDR<1%)
P28482,2,acetylation,89.34,Mascot score (FDR<1%)
P29218,2,acetylation,40.37,Mascot score (FDR<1%)
P29692,2,acetylation,61.94,Mascot score (FDR<1%)
P30041,2,unmodified,81.6,Mascot score (FDR<1%)
P30046,2,unmodified,70.04,Mascot score (FDR<1%)
P30153,2,acetylation,93.84,Mascot score (FDR<1%)
P30154,14,acetylation,47.7,Mascot score (FDR<1%)
P30520,2,acetylation,32.02,Mascot score (FDR<1%)
P31151,2,acetylation,56.62,Mascot score (FDR<1%)
P31751,1,acetylation,51.4,Mascot score (FDR<1%)
P31939,1,acetylation,32.8,Mascot score (FDR<1%)
P31939,2,unmodified,65.14,Mascot score (FDR<1%)
P31942,1,acetylation,30.12,Mascot score (FDR<1%)
P31943,2,acetylation,82.47,Mascot score (FDR<1%)
P31943,2,acetylation,92.0,Mascot score (FDR<1%)
P31948,1,acetylation,52.06,Mascot score (FDR<1%)
P32298,1,acetylation,71.99,Mascot score (FDR<1%)
P33176,2,acetylation,56.19,Mascot score (FDR<1%)
P33992,2,acetylation,84.08,Mascot score (FDR<1%)
P33993,2,acetylation,50.08,Mascot score (FDR<1%)
P35080,2,acetylation,62.11,Mascot score (FDR<1%)
P35237,1,acetylation,72.49,Mascot score (FDR<1%)
P35244,2,acetylation,57.37,Mascot score (FDR<1%)
P35250,1,acetylation,87.17,Mascot score (FDR<1%)
P35269,2,acetylation,96.13,Mascot score (FDR<1%)
P35658,2,acetylation,75.06,Mascot score (FDR<1%)
P36021,2,acetylation,74.49,Mascot score (FDR<1%)
P36578,2,acetylation,40.7,Mascot score (FDR<1%)
P36954,1,acetylation,44.86,Mascot score (FDR<1%)
P37108,2,unmodified,87.03,Mascot score (FDR<1%)
P37198,2,acetylation,89.1,Mascot score (FDR<1%)
P37837,11,acetylation,61.7,Mascot score (FDR<1%)
P37840,1,acetylation,34.03,Mascot score (FDR<1%)
P38919,2,acetylation,98.08,Mascot score (FDR<1%)
P38935,2,acetylation,87.23,Mascot score (FDR<1%)
P40123,2,acetylation,58.33,Mascot score (FDR<1%)
P40429,2,acetylation,82.13,Mascot score (FDR<1%)
P40692,2,acetylation,57.63,Mascot score (FDR<1%)
P40763,2,acetylation,84.48,Mascot score (FDR<1%)
P41091,2,acetylation,96.47,Mascot score (FDR<1%)
P41240,2,acetylation,43.78,Mascot score (FDR<1%)
P41250,55,acetylation,97.1,Mascot score (FDR<1%)
P41252,5,acetylation,46.9,Mascot score (FDR<1%)
P42025,1,acetylation,46.11,Mascot score (FDR<1%)
P42224,2,acetylation,75.66,Mascot score (FDR<1%)
P42226,2,acetylation,57.02,Mascot score (FDR<1%)
P42285,2,acetylation,103.53,Mascot score (FDR<1%)
P42566,2,acetylation,99.86,Mascot score (FDR<1%)
P42574,1,acetylation,74.21,Mascot score (FDR<1%)
P43250,1,acetylation,71.99,Mascot score (FDR<1%)
P43490,1,acetylation,90.22,Mascot score (FDR<1%)
P43686,1,acetylation,64.16,Mascot score (FDR<1%)
P45974,2,acetylation,86.02,Mascot score (FDR<1%)
P46108,2,acetylation,45.79,Mascot score (FDR<1%)
P46779,2,acetylation,51.16,Mascot score (FDR<1%)
P46782,1,acetylation,61.46,Mascot score (FDR<1%)
P46782,2,acetylation,79.01,Mascot score (FDR<1%)
P46934,102,acetylation,88.9,Mascot score (FDR<1%)
P46940,2,acetylation,95.91,Mascot score (FDR<1%)
P46976,2,acetylation,98.06,Mascot score (FDR<1%)
P47224,1,acetylation,46.83,Mascot score (FDR<1%)
P47755,2,acetylation,66.69,Mascot score (FDR<1%)
P47756,2,acetylation,72.26,Mascot score (FDR<1%)
P47897,2,acetylation,66.48,Mascot score (FDR<1%)
P48426,2,acetylation,86.24,Mascot score (FDR<1%)
P48444,2,unmodified,48.33,Mascot score (FDR<1%)
P48594,1,acetylation,55.24,Mascot score (FDR<1%)
P48637,2,acetylation,88.36,Mascot score (FDR<1%)
P48643,2,acetylation,73.76,Mascot score (FDR<1%)
P48681,1,acetylation,77.96,Mascot score (FDR<1%)
P49005,1,acetylation,65.86,Mascot score (FDR<1%)
P49189,2,acetylation,84.99,Mascot score (FDR<1%)
P49321,3,acetylation,72.3,Mascot score (FDR<1%)
P49321,2,acetylation,98.08,Mascot score (FDR<1%)
P49327,1,acetylation,97.77,Mascot score (FDR<1%)
P49419,2,acetylation,84.43,Mascot score (FDR<1%)
P49588,1,acetylation,98.28,Mascot score (FDR<1%)
P49642,1,acetylation,48.98,Mascot score (FDR<1%)
P49720,2,acetylation,86.48,Mascot score (FDR<1%)
P49736,2,acetylation,98.43,Mascot score (FDR<1%)
P49959,2,acetylation,84.13,Mascot score (FDR<1%)
P50402,1,acetylation,85.69,Mascot score (FDR<1%)
P50453,1,acetylation,82.54,Mascot score (FDR<1%)
P50552,2,acetylation,57.63,Mascot score (FDR<1%)
P51003,2,unmodified,61.54,Mascot score (FDR<1%)
P51159,2,acetylation,72.22,Mascot score (FDR<1%)
P51530,1,acetylation,47.31,Mascot score (FDR<1%)
P51610,2,acetylation,94.19,Mascot score (FDR<1%)
P51648,1,acetylation,34.47,Mascot score (FDR<1%)
P51674,1,acetylation,57.59,Mascot score (FDR<1%)
P52272,2,acetylation,98.94,Mascot score (FDR<1%)
P52434,2,acetylation,68.31,Mascot score (FDR<1%)
P52565,2,acetylation,45.75,Mascot score (FDR<1%)
P52597,2,acetylation,69.9,Mascot score (FDR<1%)
P52657,2,acetylation,42.05,Mascot score (FDR<1%)
P53384,1,acetylation,61.08,Mascot score (FDR<1%)
P53602,2,acetylation,42.55,Mascot score (FDR<1%)
P53618,2,acetylation,70.27,Mascot score (FDR<1%)
P53621,1,unmodified,35.43,Mascot score (FDR<1%)
P54136,1,acetylation,68.95,Mascot score (FDR<1%)
P54578,2,unmodified,36.54,Mascot score (FDR<1%)
P55011,1,acetylation,59.14,Mascot score (FDR<1%)
P55060,1,acetylation,88.24,Mascot score (FDR<1%)
P55072,2,acetylation,74.77,Mascot score (FDR<1%)
P55081,2,acetylation,49.94,Mascot score (FDR<1%)
P55210,2,acetylation,68.61,Mascot score (FDR<1%)
P55735,2,acetylation,69.28,Mascot score (FDR<1%)
P55795,1,acetylation,43.95,Mascot score (FDR<1%)
P55884,1,acetylation,96.06,Mascot score (FDR<1%)
P56134,2,acetylation,70.59,Mascot score (FDR<1%)
P56557,2,acetylation,42.61,Mascot score (FDR<1%)
P57088,2,acetylation,64.47,Mascot score (FDR<1%)
P57768,2,acetylation,30.96,Mascot score (FDR<1%)
P60059,1,acetylation,77.09,Mascot score (FDR<1%)
P60174,236,acetylation,33.0,Mascot score (FDR<1%)
P60228,2,acetylation,48.55,Mascot score (FDR<1%)
P60510,2,acetylation,56.98,Mascot score (FDR<1%)
P60660,2,acetylation,92.69,Mascot score (FDR<1%)
P60709,2,acetylation,99.9,Mascot score (FDR<1%)
P60981,2,acetylation,93.36,Mascot score (FDR<1%)
P60983,2,acetylation,89.12,Mascot score (FDR<1%)
P61018,2,acetylation,60.56,Mascot score (FDR<1%)
P61019,2,acetylation,38.55,Mascot score (FDR<1%)
P61086,2,acetylation,52.07,Mascot score (FDR<1%)
P61106,2,acetylation,67.32,Mascot score (FDR<1%)
P61163,1,acetylation,57.68,Mascot score (FDR<1%)
P61165,1,acetylation,63.36,Mascot score (FDR<1%)
P61326,1,acetylation,57.64,Mascot score (FDR<1%)
P61803,2,acetylation,98.9,Mascot score (FDR<1%)
P61923,1,acetylation,73.63,Mascot score (FDR<1%)
P61978,1,acetylation,50.32,Mascot score (FDR<1%)
P61981,2,acetylation,36.67,Mascot score (FDR<1%)
P62140,2,acetylation,93.61,Mascot score (FDR<1%)
P62158,2,acetylation,96.89,Mascot score (FDR<1%)
P62191,2,Myristoyl,63.26,Mascot score (FDR<1%)
P62195,2,acetylation,97.04,Mascot score (FDR<1%)
P62253,2,acetylation,95.81,Mascot score (FDR<1%)
P62258,1,acetylation,41.85,Mascot score (FDR<1%)
P62269,2,acetylation,48.95,Mascot score (FDR<1%)
P62280,2,acetylation,46.77,Mascot score (FDR<1%)
P62306,2,acetylation,46.16,Mascot score (FDR<1%)
P62318,2,acetylation,39.8,Mascot score (FDR<1%)
P62736,3,acetylation,96.1,Mascot score (FDR<1%)
P62820,4,acetylation,61.5,Mascot score (FDR<1%)
P62820,2,acetylation,67.31,Mascot score (FDR<1%)
P62826,2,acetylation,77.87,Mascot score (FDR<1%)
P62847,1,acetylation,66.1,Mascot score (FDR<1%)
P62873,2,acetylation,61.28,Mascot score (FDR<1%)
P62877,2,acetylation,88.03,Mascot score (FDR<1%)
P62879,2,acetylation,57.82,Mascot score (FDR<1%)
P62913,2,acetylation,59.12,Mascot score (FDR<1%)
P62937,1,acetylation,53.81,Mascot score (FDR<1%)
P63104,1,acetylation,62.31,Mascot score (FDR<1%)
P63151,2,acetylation,79.84,Mascot score (FDR<1%)
P63172,1,acetylation,82.34,Mascot score (FDR<1%)
P63220,1,acetylation,94.81,Mascot score (FDR<1%)
P63241,2,acetylation,97.18,Mascot score (FDR<1%)
P63244,1,acetylation,36.07,Mascot score (FDR<1%)
P63244,2,acetylation,61.41,Mascot score (FDR<1%)
P63261,1,acetylation,90.4,Mascot score (FDR<1%)
P63261,2,acetylation,99.2,Mascot score (FDR<1%)
P63267,3,acetylation,70.4,Mascot score (FDR<1%)
P63267,2,unmodified,46.07,Mascot score (FDR<1%)
P63267,2,unmodified,46.1,Mascot score (FDR<1%)
P67809,2,acetylation,47.64,Mascot score (FDR<1%)
P67812,1,unmodified,71.43,Mascot score (FDR<1%)
P67936,2,acetylation,84.51,Mascot score (FDR<1%)
P68402,2,acetylation,40.92,Mascot score (FDR<1%)
P78344,1,acetylation,88.78,Mascot score (FDR<1%)
P78346,2,acetylation,79.94,Mascot score (FDR<1%)
P78347,2,acetylation,88.59,Mascot score (FDR<1%)
P78356,2,acetylation,58.58,Mascot score (FDR<1%)
P78371,2,acetylation,53.51,Mascot score (FDR<1%)
P82979,2,acetylation,61.88,Mascot score (FDR<1%)
P84077,2,acetylation,52.64,Mascot score (FDR<1%)
P84090,2,acetylation,62.37,Mascot score (FDR<1%)
P86791,2,acetylation,96.76,Mascot score (FDR<1%)
Q00341,2,acetylation,87.75,Mascot score (FDR<1%)
Q00610,2,acetylation,42.03,Mascot score (FDR<1%)
Q00839,2,acetylation,44.32,Mascot score (FDR<1%)
Q01081,2,acetylation,78.46,Mascot score (FDR<1%)
Q01082,2,acetylation,70.8,Mascot score (FDR<1%)
Q01130,2,acetylation,72.2,Mascot score (FDR<1%)
Q01469,2,acetylation,77.97,Mascot score (FDR<1%)
Q01518,4,acetylation,40.6,Mascot score (FDR<1%)
Q01518,2,acetylation,81.66,Mascot score (FDR<1%)
Q01628,1,acetylation,66.93,Mascot score (FDR<1%)
Q01658,2,acetylation,82.19,Mascot score (FDR<1%)
Q01804,1,acetylation,64.4,Mascot score (FDR<1%)
Q01970,2,acetylation,65.29,Mascot score (FDR<1%)
Q02978,2,acetylation,79.19,Mascot score (FDR<1%)
Q04446,2,acetylation,67.09,Mascot score (FDR<1%)
Q04760,2,acetylation,52.15,Mascot score (FDR<1%)
Q05209,1,acetylation,44.86,Mascot score (FDR<1%)
Q07960,1,acetylation,66.8,Mascot score (FDR<1%)
Q08043,1,acetylation,88.07,Mascot score (FDR<1%)
Q08378,1,acetylation,54.75,Mascot score (FDR<1%)
Q08945,2,acetylation,82.57,Mascot score (FDR<1%)
Q09028,2,acetylation,92.13,Mascot score (FDR<1%)
Q09472,2,acetylation,49.39,Mascot score (FDR<1%)
Q12765,2,acetylation,70.45,Mascot score (FDR<1%)
Q12769,2,acetylation,54.46,Mascot score (FDR<1%)
Q12874,1,acetylation,77.24,Mascot score (FDR<1%)
Q12904,2,acetylation,49.54,Mascot score (FDR<1%)
Q12996,2,acetylation,81.24,Mascot score (FDR<1%)
Q13033,1,acetylation,99.1,Mascot score (FDR<1%)
Q13043,1,acetylation,46.76,Mascot score (FDR<1%)
Q13045,1,acetylation,79.31,Mascot score (FDR<1%)
Q13144,2,acetylation,44.19,Mascot score (FDR<1%)
Q13151,1,acetylation,58.03,Mascot score (FDR<1%)
Q13177,2,acetylation,73.33,Mascot score (FDR<1%)
Q13257,2,acetylation,43.93,Mascot score (FDR<1%)
Q13263,2,acetylation,93.83,Mascot score (FDR<1%)
Q13283,3,acetylation,32.7,Mascot score (FDR<1%)
Q13315,2,acetylation,80.73,Mascot score (FDR<1%)
Q13395,1,acetylation,83.78,Mascot score (FDR<1%)
Q13418,1,acetylation,58.88,Mascot score (FDR<1%)
Q13480,2,acetylation,52.21,Mascot score (FDR<1%)
Q13523,2,acetylation,73.39,Mascot score (FDR<1%)
Q13573,2,acetylation,69.59,Mascot score (FDR<1%)
Q13595,2,acetylation,39.75,Mascot score (FDR<1%)
Q13613,1,acetylation,92.04,Mascot score (FDR<1%)
Q13637,2,acetylation,69.91,Mascot score (FDR<1%)
Q13795,1,acetylation,54.65,Mascot score (FDR<1%)
Q13838,2,acetylation,97.86,Mascot score (FDR<1%)
Q13976,2,acetylation,60.56,Mascot score (FDR<1%)
Q14061,2,unmodified,57.12,Mascot score (FDR<1%)
Q14151,2,acetylation,54.06,Mascot score (FDR<1%)
Q14155,180,acetylation,71.6,Mascot score (FDR<1%)
Q14157,1,acetylation,39.73,Mascot score (FDR<1%)
Q14204,2,acetylation,50.69,Mascot score (FDR<1%)
Q14241,2,acetylation,99.21,Mascot score (FDR<1%)
Q14353,2,acetylation,58.62,Mascot score (FDR<1%)
Q14498,2,acetylation,86.01,Mascot score (FDR<1%)
Q14566,1,acetylation,82.41,Mascot score (FDR<1%)
Q14690,2,acetylation,64.91,Mascot score (FDR<1%)
Q14764,2,acetylation,70.44,Mascot score (FDR<1%)
Q14974,1,acetylation,70.88,Mascot score (FDR<1%)
Q15008,2,unmodified,88.9,Mascot score (FDR<1%)
Q15020,2,acetylation,95.25,Mascot score (FDR<1%)
Q15024,2,acetylation,80.99,Mascot score (FDR<1%)
Q15029,1,acetylation,56.24,Mascot score (FDR<1%)
Q15046,2,acetylation,86.82,Mascot score (FDR<1%)
Q15050,1,acetylation,74.46,Mascot score (FDR<1%)
Q15054,2,acetylation,79.75,Mascot score (FDR<1%)
Q15056,2,acetylation,69.3,Mascot score (FDR<1%)
Q15102,2,acetylation,66.07,Mascot score (FDR<1%)
Q15154,2,acetylation,80.49,Mascot score (FDR<1%)
Q15172,2,acetylation,48.14,Mascot score (FDR<1%)
Q15181,2,acetylation,49.07,Mascot score (FDR<1%)
Q15283,2,acetylation,92.66,Mascot score (FDR<1%)
Q15393,1,unmodified,54.49,Mascot score (FDR<1%)
Q15424,2,acetylation,97.53,Mascot score (FDR<1%)
Q15427,2,acetylation,60.1,Mascot score (FDR<1%)
Q15436,2,acetylation,87.08,Mascot score (FDR<1%)
Q15437,2,acetylation,70.27,Mascot score (FDR<1%)
Q15459,2,unmodified,58.88,Mascot score (FDR<1%)
Q15637,2,acetylation,70.89,Mascot score (FDR<1%)
Q15645,1,acetylation,71.87,Mascot score (FDR<1%)
Q15691,2,acetylation,87.96,Mascot score (FDR<1%)
Q15738,1,acetylation,56.22,Mascot score (FDR<1%)
Q15758,1,acetylation,40.66,Mascot score (FDR<1%)
Q15796,2,acetylation,53.98,Mascot score (FDR<1%)
Q15813,2,acetylation,63.99,Mascot score (FDR<1%)
Q15814,1,acetylation,91.71,Mascot score (FDR<1%)
Q15907,2,acetylation,33.59,Mascot score (FDR<1%)
Q16186,2,acetylation,92.29,Mascot score (FDR<1%)
Q16401,2,acetylation,81.16,Mascot score (FDR<1%)
Q16637,4,acetylation,30.5,Mascot score (FDR<1%)
Q16637,2,acetylation,73.51,Mascot score (FDR<1%)
Q16658,2,acetylation,60.93,Mascot score (FDR<1%)
Q16851,13,acetylation,98.8,Mascot score (FDR<1%)
Q16881-5,1,acetylation,50.2,Mascot score (FDR<1%)
Q2TAY7,2,acetylation,89.54,Mascot score (FDR<1%)
Q4V328,2,acetylation,76.82,Mascot score (FDR<1%)
Q4ZIN3,2,acetylation,60.37,Mascot score (FDR<1%)
Q52LJ0,12,acetylation,73.8,Mascot score (FDR<1%)
Q53GT1,2,acetylation,59.23,Mascot score (FDR<1%)
Q5HYJ3,2,acetylation,68.12,Mascot score (FDR<1%)
Q5J8M3,2,acetylation,92.34,Mascot score (FDR<1%)
Q5RI15,2,acetylation,51.78,Mascot score (FDR<1%)
Q5SY16,2,acetylation,64.39,Mascot score (FDR<1%)
Q5T447,2,acetylation,78.68,Mascot score (FDR<1%)
Q5T9A4,2,acetylation,39.96,Mascot score (FDR<1%)
Q5TBB1,2,acetylation,86.95,Mascot score (FDR<1%)
Q5VSL9,1,acetylation,75,Mascot score (FDR<1%)
Q5VYK3,2,acetylation,96.43,Mascot score (FDR<1%)
Q5W111,2,acetylation,62.29,Mascot score (FDR<1%)
Q6AI12,1,acetylation,59.55,Mascot score (FDR<1%)
Q6IQ22,1,acetylation,60.82,Mascot score (FDR<1%)
Q6P1A2,2,acetylation,50.73,Mascot score (FDR<1%)
Q6P1J9,2,acetylation,64.03,Mascot score (FDR<1%)
Q6P2Q9,2,acetylation,46.61,Mascot score (FDR<1%)
Q6PJ69,2,acetylation,59.91,Mascot score (FDR<1%)
Q6PKG0,2,acetylation,68.15,Mascot score (FDR<1%)
Q6Y7W6,2,acetylation,86.18,Mascot score (FDR<1%)
Q7KZF4,2,acetylation,99.23,Mascot score (FDR<1%)
Q7L5D6,2,acetylation,87.29,Mascot score (FDR<1%)
Q7Z2K6,1,acetylation,61.44,Mascot score (FDR<1%)
Q7Z2W4,2,acetylation,56.32,Mascot score (FDR<1%)
Q7Z3C6,2,acetylation,52.86,Mascot score (FDR<1%)
Q7Z4G4,2,acetylation,61.72,Mascot score (FDR<1%)
Q7Z4S6,1,acetylation,52.66,Mascot score (FDR<1%)
Q7Z4W1,1,acetylation,66.87,Mascot score (FDR<1%)
Q7Z7E8,1,acetylation,59.19,Mascot score (FDR<1%)
Q7Z7H8,2,acetylation,35.25,Mascot score (FDR<1%)
Q86U42,3,acetylation,97.6,Mascot score (FDR<1%)
Q86U42,2,acetylation,99.93,Mascot score (FDR<1%)
Q86VP6,2,acetylation,78.27,Mascot score (FDR<1%)
Q86VS8,1,acetylation,60.8,Mascot score (FDR<1%)
Q86WB0,2,acetylation,97.15,Mascot score (FDR<1%)
Q86X55,2,acetylation,89.97,Mascot score (FDR<1%)
Q86Y56,2,acetylation,70.29,Mascot score (FDR<1%)
Q86Y82,2,acetylation,45.86,Mascot score (FDR<1%)
Q8IVH8,1,acetylation,55.47,Mascot score (FDR<1%)
Q8IWV8,2,acetylation,76.66,Mascot score (FDR<1%)
Q8IWY9,2,acetylation,58.85,Mascot score (FDR<1%)
Q8IYB3,1,acetylation,40.52,Mascot score (FDR<1%)
Q8IZD4,2,acetylation,63.55,Mascot score (FDR<1%)
Q8IZL8,3,acetylation,45.69,Mascot score (FDR<1%)
Q8IZL8,2,acetylation,85.81,Mascot score (FDR<1%)
Q8IZP0,2,acetylation,54.77,Mascot score (FDR<1%)
Q8N0Z6,3,acetylation,57.1,Mascot score (FDR<1%)
Q8N1B4,2,acetylation,88.02,Mascot score (FDR<1%)
Q8N1G4,2,acetylation,75.01,Mascot score (FDR<1%)
Q8N511,2,acetylation,72.06,Mascot score (FDR<1%)
Q8N8A6,2,acetylation,44.12,Mascot score (FDR<1%)
Q8N8S7,2,acetylation,66.15,Mascot score (FDR<1%)
Q8ND56,2,acetylation,54.48,Mascot score (FDR<1%)
Q8NEM2,2,acetylation,69.96,Mascot score (FDR<1%)
Q8NEZ5,1,acetylation,52.35,Mascot score (FDR<1%)
Q8TAT6,2,acetylation,67.76,Mascot score (FDR<1%)
Q8TBA6,2,acetylation,59.09,Mascot score (FDR<1%)
Q8TBC4,23,acetylation,87.7,Mascot score (FDR<1%)
Q8TC44,2,acetylation,49.4,Mascot score (FDR<1%)
Q8TD19,2,acetylation,68.95,Mascot score (FDR<1%)
Q8TDP1,1,acetylation,91.91,Mascot score (FDR<1%)
Q8TE49,27,acetylation,74.6,Mascot score (FDR<1%)
Q8TEX9,1,acetylation,97.88,Mascot score (FDR<1%)
Q8WUM0,1,acetylation,44.45,Mascot score (FDR<1%)
Q8WUM4,2,acetylation,53.72,Mascot score (FDR<1%)
Q8WVJ2,2,acetylation,39.32,Mascot score (FDR<1%)
Q8WVM8,2,acetylation,98.9,Mascot score (FDR<1%)
Q8WVX9,2,acetylation,49.04,Mascot score (FDR<1%)
Q8WVY7,2,acetylation,46.23,Mascot score (FDR<1%)
Q8WWH5,2,acetylation,74.58,Mascot score (FDR<1%)
Q8WWI5,2,Myristoyl,54.54,Mascot score (FDR<1%)
Q8WWM7,1,acetylation,41.45,Mascot score (FDR<1%)
Q8WYA6,1,acetylation,105.92,Mascot score (FDR<1%)
Q92522,2,acetylation,78.18,Mascot score (FDR<1%)
Q92530,2,acetylation,92.66,Mascot score (FDR<1%)
Q92540,2,acetylation,51.54,Mascot score (FDR<1%)
Q92598,2,acetylation,101.98,Mascot score (FDR<1%)
Q92616,2,acetylation,87.05,Mascot score (FDR<1%)
Q92621,2,acetylation,81.42,Mascot score (FDR<1%)
Q92734,1,acetylation,92.67,Mascot score (FDR<1%)
Q92945,2,acetylation,92.06,Mascot score (FDR<1%)
Q92973,1,acetylation,45.35,Mascot score (FDR<1%)
Q92990,2,acetylation,69.01,Mascot score (FDR<1%)
Q969S3,2,acetylation,51.32,Mascot score (FDR<1%)
Q96A72,2,acetylation,80.48,Mascot score (FDR<1%)
Q96AE4,2,acetylation,49.81,Mascot score (FDR<1%)
Q96BP3,2,acetylation,69.23,Mascot score (FDR<1%)
Q96BW9,2,acetylation,92.57,Mascot score (FDR<1%)
Q96C36,2,acetylation,86.72,Mascot score (FDR<1%)
Q96C86,2,acetylation,58.1,Mascot score (FDR<1%)
Q96C90,2,acetylation,67.69,Mascot score (FDR<1%)
Q96EB6,2,acetylation,99.75,Mascot score (FDR<1%)
Q96EC8,2,acetylation,65.07,Mascot score (FDR<1%)
Q96EK5,2,acetylation,42.87,Mascot score (FDR<1%)
Q96EP5,1,acetylation,83.95,Mascot score (FDR<1%)
Q96FN4,2,acetylation,48.32,Mascot score (FDR<1%)
Q96FX7,2,acetylation,42.97,Mascot score (FDR<1%)
Q96G03,2,acetylation,77.38,Mascot score (FDR<1%)
Q96G23,1,unmodified,34.54,Mascot score (FDR<1%)
Q96GA7,1,acetylation,56.62,Mascot score (FDR<1%)
Q96GM8,2,unmodified,50.8,Mascot score (FDR<1%)
Q96HC4,2,acetylation,89.2,Mascot score (FDR<1%)
Q96HN2,2,acetylation,69.55,Mascot score (FDR<1%)
Q96I24,2,acetylation,74.75,Mascot score (FDR<1%)
Q96I25,2,acetylation,80.1,Mascot score (FDR<1%)
Q96J01,2,acetylation,76.06,Mascot score (FDR<1%)
Q96JB2,2,acetylation,76.05,Mascot score (FDR<1%)
Q96KB5,1,acetylation,53.3,Mascot score (FDR<1%)
Q96KP4,2,acetylation,50.62,Mascot score (FDR<1%)
Q96LD8,1,acetylation,67.53,Mascot score (FDR<1%)
Q96P70,3,acetylation,83.19,Mascot score (FDR<1%)
Q96P70,2,acetylation,99.99,Mascot score (FDR<1%)
Q96QG7,1,acetylation,52.91,Mascot score (FDR<1%)
Q96QU8,2,acetylation,45.11,Mascot score (FDR<1%)
Q96S94,2,acetylation,62.68,Mascot score (FDR<1%)
Q96SU4,2,acetylation,63.5,Mascot score (FDR<1%)
Q99426,1,acetylation,55.95,Mascot score (FDR<1%)
Q99460,1,acetylation,66.45,Mascot score (FDR<1%)
Q99460,1,unmodified,42.66,Mascot score (FDR<1%)
Q99471,2,acetylation,75.9,Mascot score (FDR<1%)
Q99501,2,acetylation,74.66,Mascot score (FDR<1%)
Q99541,2,acetylation,53.8,Mascot score (FDR<1%)
Q99543,1,acetylation,69.29,Mascot score (FDR<1%)
Q99567,2,acetylation,54.1,Mascot score (FDR<1%)
Q99622,2,acetylation,46.99,Mascot score (FDR<1%)
Q99717,5,acetylation,62.5,Mascot score (FDR<1%)
Q99717,2,acetylation,74.35,Mascot score (FDR<1%)
Q99733,2,acetylation,81.36,Mascot score (FDR<1%)
Q99832,2,unmodified,42.3,Mascot score (FDR<1%)
Q99941,2,acetylation,55.75,Mascot score (FDR<1%)
Q99942,2,acetylation,82.89,Mascot score (FDR<1%)
Q9BQS8,2,acetylation,49.41,Mascot score (FDR<1%)
Q9BSC4,1,acetylation,63.25,Mascot score (FDR<1%)
Q9BSK0,1,acetylation,45.39,Mascot score (FDR<1%)
Q9BT30,2,acetylation,61.25,Mascot score (FDR<1%)
Q9BT67,2,acetylation,96.28,Mascot score (FDR<1%)
Q9BT73,1,acetylation,75.41,Mascot score (FDR<1%)
Q9BTE1,1,acetylation,86.71,Mascot score (FDR<1%)
Q9BU02,2,acetylation,58.88,Mascot score (FDR<1%)
Q9BU89,1,acetylation,85.08,Mascot score (FDR<1%)
Q9BUN8,2,acetylation,51.23,Mascot score (FDR<1%)
Q9BV86,2,acetylation,53.04,Mascot score (FDR<1%)
Q9BVG4,2,acetylation,50.35,Mascot score (FDR<1%)
Q9BW60,1,acetylation,67.87,Mascot score (FDR<1%)
Q9BWD1,1,acetylation,96.42,Mascot score (FDR<1%)
Q9BWU0,56,acetylation,68.7,Mascot score (FDR<1%)
Q9BX40,2,acetylation,37.58,Mascot score (FDR<1%)
Q9BXB4,1,acetylation,41.14,Mascot score (FDR<1%)
Q9BXB7,2,acetylation,72.57,Mascot score (FDR<1%)
Q9BXS5,2,acetylation,91.84,Mascot score (FDR<1%)
Q9BXY0,1,acetylation,64.73,Mascot score (FDR<1%)
Q9BY77,2,acetylation,76.89,Mascot score (FDR<1%)
Q9BYG3,2,acetylation,64.01,Mascot score (FDR<1%)
Q9BYZ2,92,acetylation,53.2,Mascot score (FDR<1%)
Q9BZE9,2,acetylation,61.75,Mascot score (FDR<1%)
Q9BZG1,1,acetylation,44.16,Mascot score (FDR<1%)
Q9BZK7,2,acetylation,102.17,Mascot score (FDR<1%)
Q9BZX2,2,acetylation,50.68,Mascot score (FDR<1%)
Q9C004,1,acetylation,52.37,Mascot score (FDR<1%)
Q9C035,2,acetylation,58.73,Mascot score (FDR<1%)
Q9C0D9,2,acetylation,65.29,Mascot score (FDR<1%)
Q9C0E2,3,acetylation,77.5,Mascot score (FDR<1%)
Q9GZS3,1,acetylation,73.72,Mascot score (FDR<1%)
Q9GZS3,2,acetylation,57.13,Mascot score (FDR<1%)
Q9GZU8,1,acetylation,81.32,Mascot score (FDR<1%)
Q9H074,114,acetylation,76.9,Mascot score (FDR<1%)
Q9H0C8,1,acetylation,75.52,Mascot score (FDR<1%)
Q9H0S4,2,acetylation,41.28,Mascot score (FDR<1%)
Q9H0U4,1,acetylation,61.47,Mascot score (FDR<1%)
Q9H270,2,acetylation,44.73,Mascot score (FDR<1%)
Q9H2H8,2,acetylation,56.04,Mascot score (FDR<1%)
Q9H3K6,1,acetylation,67.23,Mascot score (FDR<1%)
Q9H3P7,2,acetylation,70.72,Mascot score (FDR<1%)
Q9H4L7,1,acetylation,57.06,Mascot score (FDR<1%)
Q9H583,2,acetylation,50.17,Mascot score (FDR<1%)
Q9H6E5,2,acetylation,81.68,Mascot score (FDR<1%)
Q9H6W3,1,acetylation,32.89,Mascot score (FDR<1%)
Q9H6Z4,2,acetylation,74.38,Mascot score (FDR<1%)
Q9H7Z3,2,acetylation,52.46,Mascot score (FDR<1%)
Q9H840,1,acetylation,58.21,Mascot score (FDR<1%)
Q9H8H2,107,acetylation,81.6,Mascot score (FDR<1%)
Q9H9Y4,2,acetylation,58.29,Mascot score (FDR<1%)
Q9H9Z2,2,acetylation,93.86,Mascot score (FDR<1%)
Q9HAB8,4,acetylation,46.1,Mascot score (FDR<1%)
Q9HAB8,2,acetylation,76.83,Mascot score (FDR<1%)
Q9HAU0,2,acetylation,68.57,Mascot score (FDR<1%)
Q9HAV4,2,acetylation,69.96,Mascot score (FDR<1%)
Q9HB71,2,acetylation,56.36,Mascot score (FDR<1%)
Q9HCN4,2,acetylation,97.08,Mascot score (FDR<1%)
Q9HD20,2,acetylation,79.65,Mascot score (FDR<1%)
Q9HD26,2,acetylation,85.18,Mascot score (FDR<1%)
Q9NNW5,1,acetylation,73.96,Mascot score (FDR<1%)
Q9NP72,1,acetylation,60.59,Mascot score (FDR<1%)
Q9NP79,2,acetylation,40.73,Mascot score (FDR<1%)
Q9NP97,2,acetylation,46.18,Mascot score (FDR<1%)
Q9NPD3,2,acetylation,91.26,Mascot score (FDR<1%)
Q9NPJ3,1,acetylation,52.56,Mascot score (FDR<1%)
Q9NPJ3,2,acetylation,55.59,Mascot score (FDR<1%)
Q9NQC3,1,acetylation,77.91,Mascot score (FDR<1%)
Q9NQG5,2,acetylation,58.08,Mascot score (FDR<1%)
Q9NQT5,2,acetylation,99.83,Mascot score (FDR<1%)
Q9NR50,1,acetylation,64.47,Mascot score (FDR<1%)
Q9NRG9,2,acetylation,86.63,Mascot score (FDR<1%)
Q9NRW1,2,acetylation,69.47,Mascot score (FDR<1%)
Q9NRX4,2,acetylation,67.18,Mascot score (FDR<1%)
Q9NS69,2,acetylation,81.87,Mascot score (FDR<1%)
Q9NSK0,2,acetylation,60.46,Mascot score (FDR<1%)
Q9NT62,1,acetylation,53.34,Mascot score (FDR<1%)
Q9NUI1,2,acetylation,52.14,Mascot score (FDR<1%)
Q9NUP7,2,acetylation,71.39,Mascot score (FDR<1%)
Q9NUQ8,2,acetylation,63.54,Mascot score (FDR<1%)
Q9NUU7,2,acetylation,89.13,Mascot score (FDR<1%)
Q9NVA2,2,acetylation,30.41,Mascot score (FDR<1%)
Q9NVI7,2,acetylation,48.26,Mascot score (FDR<1%)
Q9NVJ2,1,acetylation,47.07,Mascot score (FDR<1%)
Q9NVX2,2,acetylation,92.63,Mascot score (FDR<1%)
Q9NW64,2,acetylation,75.06,Mascot score (FDR<1%)
Q9NWT6,2,acetylation,93.41,Mascot score (FDR<1%)
Q9NX46,2,acetylation,99.36,Mascot score (FDR<1%)
Q9NX76,1,acetylation,65.32,Mascot score (FDR<1%)
Q9NXR7,1,acetylation,50.53,Mascot score (FDR<1%)
Q9NXW9,2,acetylation,63.48,Mascot score (FDR<1%)
Q9NY33,2,acetylation,76.72,Mascot score (FDR<1%)
Q9NYF3,1,acetylation,65.22,Mascot score (FDR<1%)
Q9NYH9,2,acetylation,48.02,Mascot score (FDR<1%)
Q9NYL2,2,acetylation,71.58,Mascot score (FDR<1%)
Q9NZC9,2,acetylation,37.49,Mascot score (FDR<1%)
Q9NZJ0,1,acetylation,41.46,Mascot score (FDR<1%)
Q9P0S3,1,acetylation,56.53,Mascot score (FDR<1%)
Q9P253,2,acetylation,82.1,Mascot score (FDR<1%)
Q9P289,2,acetylation,46.51,Mascot score (FDR<1%)
Q9UBQ5,2,acetylation,57.22,Mascot score (FDR<1%)
Q9UEU0,2,acetylation,70.46,Mascot score (FDR<1%)
Q9UHB6,161,acetylation,48.0,Mascot score (FDR<1%)
Q9UHY1,2,acetylation,73.91,Mascot score (FDR<1%)
Q9UI26,1,acetylation,44.95,Mascot score (FDR<1%)
Q9UID3,2,acetylation,85.59,Mascot score (FDR<1%)
Q9UIQ6,1,acetylation,45.17,Mascot score (FDR<1%)
Q9UJ70,2,acetylation,55.7,Mascot score (FDR<1%)
Q9UJW0,2,acetylation,48.46,Mascot score (FDR<1%)
Q9UKF6,2,acetylation,60.33,Mascot score (FDR<1%)
Q9UKK9,1,acetylation,64.34,Mascot score (FDR<1%)
Q9UL63,2,acetylation,84.49,Mascot score (FDR<1%)
Q9UMR2,2,acetylation,46.06,Mascot score (FDR<1%)
Q9UMS4,2,acetylation,66.36,Mascot score (FDR<1%)
Q9UMX0,2,acetylation,63.39,Mascot score (FDR<1%)
Q9UN36,2,acetylation,69.92,Mascot score (FDR<1%)
Q9UNF1,2,acetylation,82.73,Mascot score (FDR<1%)
Q9UNH7,2,acetylation,76.7,Mascot score (FDR<1%)
Q9UNI6,1,acetylation,58.05,Mascot score (FDR<1%)
Q9UNS2,2,acetylation,79.58,Mascot score (FDR<1%)
Q9UP83,32,acetylation,94.0,Mascot score (FDR<1%)
Q9UQ35,1,acetylation,72.12,Mascot score (FDR<1%)
Q9UQ80,2,acetylation,73,Mascot score (FDR<1%)
Q9Y241,2,acetylation,69.04,Mascot score (FDR<1%)
Q9Y259,2,acetylation,89.78,Mascot score (FDR<1%)
Q9Y262,2,acetylation,56.47,Mascot score (FDR<1%)
Q9Y277,2,acetylation,45.25,Mascot score (FDR<1%)
Q9Y281,2,acetylation,70.17,Mascot score (FDR<1%)
Q9Y285,2,acetylation,93.21,Mascot score (FDR<1%)
Q9Y291,2,acetylation,53.33,Mascot score (FDR<1%)
Q9Y2S0,1,acetylation,52.02,Mascot score (FDR<1%)
Q9Y2Z0,2,acetylation,99.13,Mascot score (FDR<1%)
Q9Y312,2,acetylation,53.02,Mascot score (FDR<1%)
Q9Y333,1,unmodified,45.72,Mascot score (FDR<1%)
Q9Y3A3,4,acetylation,66.6,Mascot score (FDR<1%)
Q9Y3A5,2,acetylation,51.28,Mascot score (FDR<1%)
Q9Y3E0,1,acetylation,49.61,Mascot score (FDR<1%)
Q9Y4A5,2,acetylation,82.75,Mascot score (FDR<1%)
Q9Y4E8,2,acetylation,93.19,Mascot score (FDR<1%)
Q9Y4P1,1,acetylation,84.23,Mascot score (FDR<1%)
Q9Y4Y9,2,acetylation,76.18,Mascot score (FDR<1%)
Q9Y530,2,acetylation,62.46,Mascot score (FDR<1%)
Q9Y5J9,2,acetylation,83.02,Mascot score (FDR<1%)
Q9Y5K5,2,acetylation,47.43,Mascot score (FDR<1%)
Q9Y5Q9,2,acetylation,57.62,Mascot score (FDR<1%)
Q9Y5X3,2,acetylation,81.45,Mascot score (FDR<1%)
Q9Y5Y2,1,acetylation,64.07,Mascot score (FDR<1%)
Q9Y5Z4,2,acetylation,55.02,Mascot score (FDR<1%)
Q9Y5Z9,2,acetylation,65.19,Mascot score (FDR<1%)
Q9Y679,1,acetylation,64.58,Mascot score (FDR<1%)
Q9Y696,2,acetylation,51.41,Mascot score (FDR<1%)
Q9Y6D9,1,acetylation,94.65,Mascot score (FDR<1%)
Q9Y6M1,69,acetylation,58.4,Mascot score (FDR<1%)
Q9Y6X9,2,acetylation,60.34,Mascot score (FDR<1%)
